{"cameraMode":{"drawMode":0,"name":"Shaded","section":"Shading Mode"},"sceneLighting":false,"audioPlay":false,"sceneViewState":{"showFog":false,"showMaterialUpdate":true,"showSkybox":false,"showFlares":true,"showImageEffects":true,"showParticleSystems":true},"in2DMode":false,"pivot":{"x":0.0,"y":0.9950000047683716,"z":33.78274917602539},"rotation":{"x":0.2505394518375397,"y":0.11238133162260056,"z":-0.029294947162270547,"w":0.9611185193061829},"size":4.691836357116699,"orthographic":false}