{"cameraMode":{"drawMode":0,"name":"Shaded","section":"Shading Mode"},"sceneLighting":false,"audioPlay":false,"sceneViewState":{"showFog":false,"showMaterialUpdate":true,"showSkybox":false,"showFlares":true,"showImageEffects":true,"showParticleSystems":true},"in2DMode":false,"pivot":{"x":-1.5700000524520875,"y":1.010522484779358,"z":11.749822616577149},"rotation":{"x":0.202482208609581,"y":0.5457558631896973,"z":-0.13790206611156465,"w":0.8013367652893066},"size":4.249634265899658,"orthographic":false}