{"cameraMode":{"drawMode":0,"name":"Shaded","section":"Shading Mode"},"sceneLighting":false,"audioPlay":false,"sceneViewState":{"showFog":false,"showMaterialUpdate":true,"showSkybox":false,"showFlares":true,"showImageEffects":true,"showParticleSystems":true},"in2DMode":false,"pivot":{"x":-1.2249082326889039,"y":0.0041016340255737309,"z":11.367961883544922},"rotation":{"x":-0.1682433784008026,"y":0.831670343875885,"z":-0.3675273656845093,"w":-0.38071539998054507},"size":0.8392173051834106,"orthographic":false}