{"cameraMode":{"drawMode":0,"name":"Shaded","section":"Shading Mode"},"sceneLighting":true,"audioPlay":false,"sceneViewState":{"showFog":false,"showMaterialUpdate":true,"showSkybox":true,"showFlares":true,"showImageEffects":true,"showParticleSystems":true},"in2DMode":false,"pivot":{"x":-8.332042694091797,"y":-7.445437431335449,"z":32.56682586669922},"rotation":{"x":-0.3112209141254425,"y":0.18792329728603364,"z":-0.06292425841093064,"w":-0.9294486045837402},"size":31.00458526611328,"orthographic":false}